TRADING_CODE,DATE,OPEN,HIGH,LOW,CLOSE,VOLUME
1JANATAMF,2026-08-10,4,4,3.8,3.9,1586897
1JANATAMF,2026-08-11,4,4.1,3.9,4,1846247
1STPRIMFMF,2026-08-10,25.4,25.6,24.6,24.7,979823
1STPRIMFMF,2026-08-11,25,25.4,24.7,24.9,603796
AAMRANET,2026-08-10,21.3,21.6,21,21,354828
AAMRANET,2026-08-11,21.4,21.4,20.8,20.9,290036
AAMRATECH,2026-08-10,23.1,23.5,22.3,23,495196
AAMRATECH,2026-08-11,22.4,23.4,21.7,22.1,375647
ABB1STMF,2026-08-10,3.9,4.1,3.9,4,2418957
ABB1STMF,2026-08-11,4.1,4.2,4,4,3292691
ABBANK,2026-08-10,4.9,5,4.8,4.9,567453
ABBANK,2026-08-11,4.9,5,4.8,5,528930
ABBLPBOND,2026-08-10,0,0,0,0,0
ABBLPBOND,2026-08-11,0,0,0,0,0
ACFL,2026-08-10,23.6,23.8,23.6,23.7,66293
ACFL,2026-08-11,23.6,24.2,22.1,23.9,117979
ACI,2026-08-10,200,202.7,198.8,199.3,27989
ACI,2026-08-11,200.3,203,199.5,200.2,40442
ACIFORMULA,2026-08-10,172.9,173,168,171.2,223806
ACIFORMULA,2026-08-11,171.9,180.2,171.9,177.3,626443
ACMELAB,2026-08-10,83.4,83.4,82.3,82.6,99135
ACMELAB,2026-08-11,83,83.7,82.7,83.5,237546
ACMEPL,2026-08-10,25,25.3,24.4,24.6,3459732
ACMEPL,2026-08-11,24.9,25.5,24.7,24.8,2473728
ACTIVEFINE,2026-08-10,6.9,6.9,6.7,6.8,333728
ACTIVEFINE,2026-08-11,6.8,6.9,6.7,6.7,597134
ADNTEL,2026-08-10,66.3,66.4,65.6,66.2,102017
ADNTEL,2026-08-11,66.3,67.5,66.3,67.3,110990
ADVENT,2026-08-10,16,16.2,15.9,16,173578
ADVENT,2026-08-11,16,16.4,15.9,16.3,314962
AFCAGRO,2026-08-10,7.2,7.3,7.1,7.2,84312
AFCAGRO,2026-08-11,7.2,7.4,7.1,7.2,137727
AFTABAUTO,2026-08-10,30.2,30.9,30.2,30.5,124954
AFTABAUTO,2026-08-11,30.6,30.8,30.3,30.4,154698
AGNISYSL,2026-08-10,31.2,32.2,31.2,31.8,681779
AGNISYSL,2026-08-11,31.8,32.6,31.6,32.2,893408
AGRANINS,2026-08-10,31.2,32.5,30.8,32.4,693072
AGRANINS,2026-08-11,32.7,33.1,32,32.1,726536
AIBL1STIMF,2026-08-10,6.5,6.6,6.2,6.5,2139340
AIBL1STIMF,2026-08-11,6.6,6.8,6.4,6.5,3123329
AIBLPBOND,2026-08-10,3950,3950,3950,3950,3
AIBLPBOND,2026-08-11,3950,3950,3950,3950,1
AIL,2026-08-10,37.3,37.6,36.9,37.3,172361
AIL,2026-08-11,37.2,38,37.1,37.8,153589
AL-HAJTEX,2026-08-10,98.8,100,96.8,97.7,104960
AL-HAJTEX,2026-08-11,97.7,99.2,97.7,98.3,121397
ALARABANK,2026-08-10,16,16.5,15.9,16,68985
ALARABANK,2026-08-11,16,16.4,16,16.1,21187
ALIF,2026-08-10,5.5,5.6,5.5,5.5,385970
ALIF,2026-08-11,5.6,5.7,5.5,5.6,744352
ALLTEX,2026-08-10,22.2,23.4,22.2,23.2,577560
ALLTEX,2026-08-11,23.2,23.6,22.9,23.3,404885
AMANFEED,2026-08-10,38.5,38.6,37.9,38.5,833137
AMANFEED,2026-08-11,38.9,38.9,38.1,38.2,1016253
AMBEEPHA,2026-08-10,805,805,791,793.6,525
AMBEEPHA,2026-08-11,790.1,805,790,796.1,416
AMCL(PRAN),2026-08-10,233.6,234,230.6,232.8,1383
AMCL(PRAN),2026-08-11,233,233,228.6,230.9,7934
ANLIMAYARN,2026-08-10,35.2,35.4,34.7,35.1,29465
ANLIMAYARN,2026-08-11,35.4,35.4,34.8,34.9,9792
ANWARGALV,2026-08-10,112.6,112.8,111.6,112.1,196547
ANWARGALV,2026-08-11,113,115.4,112.5,115.1,512489
AOL,2026-08-10,18.7,18.8,18.5,18.6,407188
AOL,2026-08-11,18.7,18.9,18.7,18.8,552034
APEXFOODS,2026-08-10,303.5,303.9,292.6,294,34241
APEXFOODS,2026-08-11,294.1,301.3,291,296,75277
APEXFOOT,2026-08-10,217.2,218,216,217.1,31743
APEXFOOT,2026-08-11,217.3,219,216.6,217.2,48109
APEXSPINN,2026-08-10,368.9,368.9,351.1,354.4,19475
APEXSPINN,2026-08-11,354,355,349.2,350.7,22564
APEXTANRY,2026-08-10,107.5,112,105,106.1,124555
APEXTANRY,2026-08-11,106,107.5,104.5,105.2,65035
APOLOISPAT,2026-08-10,3.4,3.4,3.2,3.3,1568421
APOLOISPAT,2026-08-11,3.3,3.4,3.2,3.4,1276682
APSCLBOND,2026-08-10,1169,1169,1040,1040,3
APSCLBOND,2026-08-11,0,0,0,0,0
ARAMIT,2026-08-10,208.9,208.9,204.4,205.1,8518
ARAMIT,2026-08-11,202.3,208.9,202.3,205,13679
ARAMITCEM,2026-08-10,12.8,13.7,12.7,13.4,235458
ARAMITCEM,2026-08-11,13.4,13.5,13.1,13.3,70670
ARGONDENIM,2026-08-10,23.4,23.7,22.6,23.2,2516510
ARGONDENIM,2026-08-11,23.3,24.3,23.3,23.8,2789455
ASIAINS,2026-08-10,44,45.7,43.5,45.4,858097
ASIAINS,2026-08-11,45.7,46.2,44.5,44.7,603028
ASIAPACINS,2026-08-10,53.1,54.9,52.6,53.8,838961
ASIAPACINS,2026-08-11,54.4,55.3,52.7,52.9,827875
ASIATICLAB,2026-08-10,114.9,116.9,108.5,112.8,959601
ASIATICLAB,2026-08-11,113,116.6,112.8,116.2,544819
ATLASBANG,2026-08-10,92.7,93,91.6,92.8,8585
ATLASBANG,2026-08-11,93,94.5,92.8,93.2,11041
AZIZPIPES,2026-08-10,83.4,84,82,83.1,43240
AZIZPIPES,2026-08-11,83.8,83.9,80.6,81.8,37288
BANGAS,2026-08-10,138.9,139.2,136.8,137.2,59175
BANGAS,2026-08-11,137.2,139,136.4,138.7,69343
BANKASI1PB,2026-08-10,0,0,0,0,0
BANKASI1PB,2026-08-11,0,0,0,0,0
BANKASIA,2026-08-10,17.8,18,17.8,18,616298
BANKASIA,2026-08-11,18,18.1,17.8,18,1557504
BARKAPOWER,2026-08-10,9.4,9.8,9.3,9.7,1063311
BARKAPOWER,2026-08-11,9.7,10.6,9.7,10.5,3460662
BATASHOE,2026-08-10,904,914.9,904,912,185
BATASHOE,2026-08-11,914.8,914.8,905.2,912.7,554
BATBC,2026-08-10,237,241.7,236.1,239.6,133535
BATBC,2026-08-11,240.6,248.2,240.6,247.7,261542
BAYLEASING,2026-08-10,0,0,0,0,0
BAYLEASING,2026-08-11,5.1,5.4,4.6,5.3,622127
BBS,2026-08-10,15.6,15.6,15.2,15.3,1272489
BBS,2026-08-11,15.4,15.5,15.3,15.5,1031501
BBSCABLES,2026-08-10,22.5,22.8,22.3,22.5,774385
BBSCABLES,2026-08-11,22.6,22.8,22.5,22.6,1024994
BDAUTOCA,2026-08-10,218.2,218.2,211,212.9,80374
BDAUTOCA,2026-08-11,211,219.9,211,219.1,117904
BDCOM,2026-08-10,32.6,32.8,32.2,32.4,465038
BDCOM,2026-08-11,32.5,33,32.5,32.8,627187
BDFINANCE,2026-08-10,13.6,13.7,13.4,13.5,369087
BDFINANCE,2026-08-11,13.6,14.2,13.5,14,818312
BDLAMPS,2026-08-10,198.5,199,194.3,196.2,171619
BDLAMPS,2026-08-11,196.9,211.8,196.1,208.5,296345
BDSERVICE,2026-08-10,0,0,0,0,0
BDSERVICE,2026-08-11,0,0,0,0,0
BDTHAI,2026-08-10,18.3,18.6,18.2,18.3,1170427
BDTHAI,2026-08-11,18.5,18.6,18.3,18.4,1311396
BDTHAIFOOD,2026-08-10,24.6,24.9,24.3,24.5,771123
BDTHAIFOOD,2026-08-11,24.8,25.5,24.5,25.1,3140492
BDWELDING,2026-08-10,13.8,14,13.7,13.7,119051
BDWELDING,2026-08-11,13.7,13.9,13.7,13.7,60463
BEACHHATCH,2026-08-10,32.3,32.9,32.3,32.6,86658
BEACHHATCH,2026-08-11,32.4,32.9,32.1,32.4,162348
BEACONPHAR,2026-08-10,107.1,107.8,106.8,107.1,96141
BEACONPHAR,2026-08-11,108,108.6,107.8,108.1,82296
BENGALWTL,2026-08-10,24.4,24.6,24.3,24.5,249491
BENGALWTL,2026-08-11,24.6,24.7,24.5,24.7,237897
BERGERPBL,2026-08-10,1470.1,1494,1470.1,1477.5,14561
BERGERPBL,2026-08-11,1477.5,1494,1470,1485,25790
BESTHLDNG,2026-08-10,15.4,15.4,15,15.2,325081
BESTHLDNG,2026-08-11,15.3,15.5,15.2,15.4,131885
BEXGSUKUK,2026-08-10,70,70.5,70,70.5,1075
BEXGSUKUK,2026-08-11,70.5,71.5,69.5,70,29815
BEXIMCO,2026-08-10,25.2,27.2,25.1,27.2,20426551
BEXIMCO,2026-08-11,27.5,28.9,26.8,27.2,18373154
BGIC,2026-08-10,43.2,45.7,42.3,44.9,572001
BGIC,2026-08-11,45.3,46.4,44,44.5,391064
BIFC,2026-08-10,4.7,4.9,4.4,4.8,377317
BIFC,2026-08-11,4.8,4.9,4.5,4.8,355873
BNICL,2026-08-10,115,115,112,112.7,31894
BNICL,2026-08-11,113.6,118.9,113.6,118.2,205075
BPML,2026-08-10,28.3,28.6,28.1,28.4,47975
BPML,2026-08-11,28.6,28.8,28.4,28.8,52747
BPPL,2026-08-10,21.2,21.6,21.1,21.4,2385399
BPPL,2026-08-11,21.5,22.3,21.5,21.8,5019216
BRACBANK,2026-08-10,64.1,64.9,63.8,64.4,3581748
BRACBANK,2026-08-11,64.4,65,64.4,64.6,1844904
BSC,2026-08-10,118.9,122.3,118.6,121.8,260839
BSC,2026-08-11,122,123,121,121.5,459968
BSCPLC,2026-08-10,157,157,154.1,156.3,25338
BSCPLC,2026-08-11,156.4,157.9,155.5,156.8,92096
BSRMLTD,2026-08-10,98.4,99.7,96.8,99.4,107578
BSRMLTD,2026-08-11,99.6,101.7,98.6,101.1,237258
BSRMSTEEL,2026-08-10,95,96,93.2,95.3,240795
BSRMSTEEL,2026-08-11,95.4,97.3,95.4,96,131942
BXPHARMA,2026-08-10,144.7,148,144.7,146.5,932190
BXPHARMA,2026-08-11,146.5,149.4,145.6,146.3,1381194
CAPITECGBF,2026-08-10,10.5,11,10.5,10.9,4184992
CAPITECGBF,2026-08-11,11.1,11.2,10.6,10.7,4476602
CAPMBDBLMF,2026-08-10,11,11.5,10.8,11.2,2615299
CAPMBDBLMF,2026-08-11,11.3,11.5,10.7,10.9,2625662
CAPMIBBLMF,2026-08-10,14,14.2,13.6,13.9,615156
CAPMIBBLMF,2026-08-11,14,14.1,13.5,13.6,1091261
CBLPBOND,2026-08-10,0,0,0,0,0
CBLPBOND,2026-08-11,0,0,0,0,0
CENTRALINS,2026-08-10,48.5,50.5,48,49,1096898
CENTRALINS,2026-08-11,49,50.3,47.5,47.7,952023
CENTRALPHL,2026-08-10,11.1,11.4,11.1,11.3,656790
CENTRALPHL,2026-08-11,11.4,11.5,11.3,11.4,679780
CITYBANK,2026-08-10,31.3,31.4,30.9,31.2,4194809
CITYBANK,2026-08-11,31.3,31.7,31.2,31.5,3226942
CITYGENINS,2026-08-10,114.6,123,114.5,120.6,253872
CITYGENINS,2026-08-11,120.6,124.5,116.2,123.9,283845
CLICL,2026-08-10,51.9,52.9,51.9,52.7,72361
CLICL,2026-08-11,53,53.2,52.2,52.3,97323
CNATEX,2026-08-10,3.3,3.3,3.1,3.2,560831
CNATEX,2026-08-11,3.2,3.4,3.2,3.3,2275646
CONFIDCEM,2026-08-10,66.4,67.2,66.1,67,81708
CONFIDCEM,2026-08-11,67,68.1,66.7,68,191326
CONTININS,2026-08-10,35.4,36.9,35.3,36.6,1049046
CONTININS,2026-08-11,36.9,37.6,36,36.2,1031729
COPPERTECH,2026-08-10,28.1,28.4,27.5,28,678445
COPPERTECH,2026-08-11,28,28.5,27.8,28.3,661759
CROWNCEMNT,2026-08-10,66.9,68,65.5,66.6,13994
CROWNCEMNT,2026-08-11,69,69,65.5,68,5005
CRYSTALINS,2026-08-10,69,70.8,69,70,153115
CRYSTALINS,2026-08-11,71.5,71.7,70.2,70.4,238810
CVOPRL,2026-08-10,177.6,179.1,175.4,176.3,154674
CVOPRL,2026-08-11,176.3,180.8,175.1,179.5,318481
DACCADYE,2026-08-10,17,17,16.7,16.7,91717
DACCADYE,2026-08-11,16.7,17.1,16.7,17,109577
DAFODILCOM,2026-08-10,165.4,165.5,160,161.9,106469
DAFODILCOM,2026-08-11,165.4,165.4,160.9,162.5,136415
DBH,2026-08-10,43.4,43.4,42.5,42.8,161382
DBH,2026-08-11,43.5,44.4,42.7,44,926315
DBH1STMF,2026-08-10,5.7,5.8,5.6,5.8,928647
DBH1STMF,2026-08-11,5.9,6,5.8,5.8,913153
DBLPBOND,2026-08-10,0,0,0,0,0
DBLPBOND,2026-08-11,0,0,0,0,0
DEBARACEM,2026-08-10,0,0,0,0,0
DEBARACEM,2026-08-11,0,0,0,0,0
DEBBDLUGG,2026-08-10,0,0,0,0,0
DEBBDLUGG,2026-08-11,0,0,0,0,0
DEBBDWELD,2026-08-10,0,0,0,0,0
DEBBDWELD,2026-08-11,0,0,0,0,0
DEBBDZIPP,2026-08-10,0,0,0,0,0
DEBBDZIPP,2026-08-11,0,0,0,0,0
DEBBXDENIM,2026-08-10,0,0,0,0,0
DEBBXDENIM,2026-08-11,0,0,0,0,0
DEBBXFISH,2026-08-10,0,0,0,0,0
DEBBXFISH,2026-08-11,0,0,0,0,0
DEBBXKNI,2026-08-10,0,0,0,0,0
DEBBXKNI,2026-08-11,0,0,0,0,0
DEBBXTEX,2026-08-10,0,0,0,0,0
DEBBXTEX,2026-08-11,0,0,0,0,0
DELTALIFE,2026-08-10,81.5,82.8,80.7,81.7,83202
DELTALIFE,2026-08-11,82.3,83.8,81.5,82,122581
DELTASPINN,2026-08-10,7.8,7.9,7.7,7.7,577195
DELTASPINN,2026-08-11,7.8,7.9,7.7,7.7,674572
DESCO,2026-08-10,25.6,25.9,25.5,25.6,16474
DESCO,2026-08-11,26,26,25.7,25.9,28040
DESHBANDHU,2026-08-10,22,22.4,21.6,22,596820
DESHBANDHU,2026-08-11,22.2,22.7,22.2,22.5,739703
DGIC,2026-08-10,34.4,36.4,33.6,35.9,1317847
DGIC,2026-08-11,36.1,36.9,34.2,34.5,750750
DHAKABANK,2026-08-10,12.1,12.2,12,12.1,1558524
DHAKABANK,2026-08-11,12.1,12.6,12,12.5,5087776
DHAKAINS,2026-08-10,50.3,53,50.2,52.7,1055747
DHAKAINS,2026-08-11,52.8,52.8,50,50.3,1210802
DOMINAGE,2026-08-10,82.6,82.6,77.3,78.7,1670844
DOMINAGE,2026-08-11,79,81.7,78.3,80.5,2293951
DOREENPWR,2026-08-10,34.6,35.2,34.4,35,1374318
DOREENPWR,2026-08-11,35.1,36.5,34.7,34.9,1262503
DSHGARME,2026-08-10,166.5,167.7,163,164.2,70708
DSHGARME,2026-08-11,165.8,166.2,164,164.4,52648
DSSL,2026-08-10,13.5,13.7,13.3,13.4,3085822
DSSL,2026-08-11,13.6,13.7,13.4,13.5,2326801
DULAMIACOT,2026-08-10,214.5,214.5,204,204.7,25681
DULAMIACOT,2026-08-11,211.9,216.8,206.9,209.9,30240
DUTCHBANGL,2026-08-10,48.8,49.3,48.6,48.8,317159
DUTCHBANGL,2026-08-11,48.9,49.4,48.6,49.3,609841
EASTERNINS,2026-08-10,63.4,67.3,63.4,65,673617
EASTERNINS,2026-08-11,65.2,67.2,63.8,64.2,430493
EASTLAND,2026-08-10,29.9,31.1,29.3,30.9,1469045
EASTLAND,2026-08-11,30.9,31.6,30.5,30.7,1397033
EASTRNLUB,2026-08-10,2071,2080,2062.1,2068.6,6425
EASTRNLUB,2026-08-11,2090,2113.8,2072,2076.6,7670
EBL,2026-08-10,24.2,24.2,24,24.1,1529898
EBL,2026-08-11,24.2,24.3,24,24.2,2945483
EBL1STMF,2026-08-10,4.9,5,4.9,5,323702
EBL1STMF,2026-08-11,5,5.2,4.9,5,592821
EBLNRBMF,2026-08-10,3.8,3.9,3.7,3.9,1163084
EBLNRBMF,2026-08-11,3.9,4,3.8,3.9,1817885
ECABLES,2026-08-10,141.2,141.2,137.9,139.1,9911
ECABLES,2026-08-11,140.9,141,138.6,138.7,9873
EGEN,2026-08-10,26.8,27,26.6,26.8,747734
EGEN,2026-08-11,26.8,27.2,26.8,26.9,630072
EHL,2026-08-10,93.1,94.6,92.4,93.4,279748
EHL,2026-08-11,93.6,95.5,93.6,94.7,282038
EIL,2026-08-10,33.8,34.9,33.6,34.8,1868939
EIL,2026-08-11,35,35.8,34.5,34.7,2393530
EMERALDOIL,2026-08-10,29.8,30,29.1,29.5,283620
EMERALDOIL,2026-08-11,29.4,29.9,29.4,29.6,203513
ENVOYTEX,2026-08-10,55.5,56.2,54.7,55.9,374356
ENVOYTEX,2026-08-11,55.9,56.9,55.2,56.5,300916
EPGL,2026-08-10,20.4,20.6,20.1,20.3,499596
EPGL,2026-08-11,20.7,21.8,20.6,21.2,1899545
ESQUIRENIT,2026-08-10,26.1,26.1,25.8,26,81078
ESQUIRENIT,2026-08-11,26,26.4,26,26,109875
ETL,2026-08-10,14,14.2,13.9,14,2122186
ETL,2026-08-11,14.2,14.3,14,14.1,2200932
EXIM1STMF,2026-08-10,7,7.1,6.8,7,7734499
EXIM1STMF,2026-08-11,7.1,7.4,6.9,7,14715592
EXIMBANK,2026-08-10,0,0,0,0,0
EXIMBANK,2026-08-11,0,0,0,0,0
FAMILYTEX,2026-08-10,2.8,2.9,2.7,2.7,2332429
FAMILYTEX,2026-08-11,2.7,2.9,2.7,2.9,3974239
FARCHEM,2026-08-10,23.9,24.3,23.6,23.9,1206031
FARCHEM,2026-08-11,24,24.3,23.6,23.8,971442
FAREASTFIN,2026-08-10,2.1,2.1,2.1,2.1,95899
FAREASTFIN,2026-08-11,0,0,0,0,0
FAREASTLIF,2026-08-10,22.4,22.6,21.9,22.1,14264
FAREASTLIF,2026-08-11,22.1,22.6,22.1,22.1,80962
FASFIN,2026-08-10,2.5,2.5,2.5,2.5,7000
FASFIN,2026-08-11,0,0,0,0,0
FBFIF,2026-08-10,3.9,3.9,3.7,3.9,1690946
FBFIF,2026-08-11,3.9,4,3.8,3.9,1751549
FEDERALINS,2026-08-10,28.5,29.8,28.4,29.6,1368196
FEDERALINS,2026-08-11,30,30.5,29.3,29.6,2126864
FEKDIL,2026-08-10,24.2,24.5,22.9,23.9,4388782
FEKDIL,2026-08-11,24,24.8,24,24.2,2353726
FINEFOODS,2026-08-10,470,470,450.7,458.9,17475
FINEFOODS,2026-08-11,464.3,464.3,449,458.7,108141
FIRSTFIN,2026-08-10,5,5,4.7,5,169937
FIRSTFIN,2026-08-11,4.8,5.1,4.7,5,79849
FIRSTSBANK,2026-08-10,0,0,0,0,0
FIRSTSBANK,2026-08-11,0,0,0,0,0
FORTUNE,2026-08-10,18.9,19,18.5,18.8,348834
FORTUNE,2026-08-11,19,19.5,18.7,19,421179
FUWANGCER,2026-08-10,17.2,17.3,16.8,17.1,2100267
FUWANGCER,2026-08-11,17.1,17.3,16.9,17,1859528
FUWANGFOOD,2026-08-10,12.4,12.6,12.2,12.3,456734
FUWANGFOOD,2026-08-11,12.2,12.5,12.1,12.4,364592
GBBPOWER,2026-08-10,11.7,12.8,11.4,12.8,2324292
GBBPOWER,2026-08-11,13,14,13,14,2519818
GEMINISEA,2026-08-10,124,124,122,122.9,5545
GEMINISEA,2026-08-11,124.9,124.9,122,122.6,11769
GENEXIL,2026-08-10,39.3,39.3,38.7,39,608841
GENEXIL,2026-08-11,39.1,40.3,39.1,39.8,1024831
GENNEXT,2026-08-10,3.1,3.2,3.1,3.2,2148408
GENNEXT,2026-08-11,3.2,3.3,3.1,3.3,3160396
GHAIL,2026-08-10,15.7,15.8,15.4,15.5,894550
GHAIL,2026-08-11,15.5,16,15.5,15.8,990049
GHCL,2026-08-10,23.7,24.4,23.7,24,95094
GHCL,2026-08-11,24,24.8,24,24.2,121724
GIB,2026-08-10,0,0,0,0,0
GIB,2026-08-11,0,0,0,0,0
GLDNJMF,2026-08-10,9.5,10,9.4,9.9,1877263
GLDNJMF,2026-08-11,10,10.2,9.6,9.7,1342542
GLOBALINS,2026-08-10,44.5,45.5,43.8,45,1287955
GLOBALINS,2026-08-11,45.4,46.3,44.6,44.7,957745
GOLDENSON,2026-08-10,16.5,16.5,16.2,16.4,788833
GOLDENSON,2026-08-11,16.5,16.7,16.4,16.5,1199956
GP,2026-08-10,257,259,257,258.6,146719
GP,2026-08-11,258,259.9,257.8,258.7,400777
GPHISPAT,2026-08-10,18.7,18.9,18.5,18.6,451634
GPHISPAT,2026-08-11,18.8,18.8,18.6,18.8,503510
GQBALLPEN,2026-08-10,572.7,573.9,555.3,569.9,49641
GQBALLPEN,2026-08-11,568,568,550.1,562.3,30167
GRAMEENS2,2026-08-10,13.7,13.9,13.6,13.8,654185
GRAMEENS2,2026-08-11,13.8,14.1,13.8,13.8,688795
GREENDELMF,2026-08-10,5.1,5.3,5,5.2,949152
GREENDELMF,2026-08-11,5.4,5.5,5.2,5.2,854740
GREENDELT,2026-08-10,69,71.3,68.9,70.8,252881
GREENDELT,2026-08-11,71,72.2,69.1,70.8,390303
GSPFINANCE,2026-08-10,4.5,4.5,4.1,4.3,769684
GSPFINANCE,2026-08-11,4.4,4.5,4.1,4.3,413117
HAKKANIPUL,2026-08-10,82.5,82.5,81,82,203689
HAKKANIPUL,2026-08-11,82.3,83.9,82,83.3,424087
HAMI,2026-08-10,165.8,165.8,160.5,161,15118
HAMI,2026-08-11,160,165,160,161,7291
HEIDELBCEM,2026-08-10,224.6,224.6,217,218.7,13327
HEIDELBCEM,2026-08-11,217.8,222,217.8,220.9,7636
HFL,2026-08-10,16.1,16.5,15.9,16,146226
HFL,2026-08-11,15.8,16.4,15.8,16.1,387201
HRTEX,2026-08-10,20.5,20.5,20,20.1,58599
HRTEX,2026-08-11,20.2,21.4,20.2,20.9,66427
HWAWELLTEX,2026-08-10,50.8,50.8,48.5,49.1,144054
HWAWELLTEX,2026-08-11,50.8,50.8,49.3,49.5,302795
IBBL2PBOND,2026-08-10,0,0,0,0,0
IBBL2PBOND,2026-08-11,3898,3898,3898,3898,5
IBBLPBOND,2026-08-10,660,661.5,660,661.5,25
IBBLPBOND,2026-08-11,663,690,663,690,53
IBNSINA,2026-08-10,323.8,323.8,320,321,11369
IBNSINA,2026-08-11,321.9,325,321.9,322.7,14653
IBP,2026-08-10,18.7,19.1,18.5,19,2600889
IBP,2026-08-11,19.1,19.8,18.8,19.7,3294964
ICB,2026-08-10,45.7,46.3,45.3,45.6,63831
ICB,2026-08-11,45.7,46.2,45.4,46,77064
ICB3RDNRB,2026-08-10,6.5,6.6,6.4,6.6,761589
ICB3RDNRB,2026-08-11,6.5,6.8,6.4,6.5,995570
ICBAGRANI1,2026-08-10,9,9.1,8.8,9,1532111
ICBAGRANI1,2026-08-11,9.2,9.7,9.1,9.6,1597611
ICBAMCL2ND,2026-08-10,8.5,8.9,8.5,8.8,226727
ICBAMCL2ND,2026-08-11,8.9,9.2,8.6,8.7,558102
ICBEPMF1S1,2026-08-10,6.9,7.1,6.7,7.1,803224
ICBEPMF1S1,2026-08-11,7.1,7.2,6.8,6.9,1331044
ICBIBANK,2026-08-10,2.8,2.8,2.6,2.7,414899
ICBIBANK,2026-08-11,2.7,2.7,2.6,2.7,850839
ICBSONALI1,2026-08-10,7,7.3,6.9,7.2,2625338
ICBSONALI1,2026-08-11,7.3,7.4,7,7.1,2771774
ICICL,2026-08-10,37.4,38.5,37.3,38.4,2148595
ICICL,2026-08-11,38.7,39.1,37.8,37.9,2198651
IDLC,2026-08-10,45.3,45.4,43.9,44.6,671750
IDLC,2026-08-11,45.4,47.1,44.5,46.6,563460
IFADAUTOS,2026-08-10,25,26.2,25,26,281615
IFADAUTOS,2026-08-11,26,26.3,25.8,25.9,292426
IFIC,2026-08-10,4.8,4.9,4.8,4.9,548065
IFIC,2026-08-11,4.9,4.9,4.7,4.9,2426359
IFIC1STMF,2026-08-10,4.6,4.7,4.4,4.6,1967582
IFIC1STMF,2026-08-11,4.6,4.8,4.6,4.6,1960936
IFILISLMF1,2026-08-10,5.8,6,5.8,5.9,678460
IFILISLMF1,2026-08-11,6,6.2,5.9,6,794703
ILFSL,2026-08-10,2.1,2.1,2.1,2.1,9712
ILFSL,2026-08-11,0,0,0,0,0
INDEXAGRO,2026-08-10,73.8,74.4,73.5,73.9,40135
INDEXAGRO,2026-08-11,74,75.6,74,75.1,123455
INTECH,2026-08-10,27.1,27.1,26.4,26.6,67541
INTECH,2026-08-11,26.8,26.8,26.5,26.6,106050
INTRACO,2026-08-10,23.6,24.2,23.1,23.6,572273
INTRACO,2026-08-11,24,24,23.4,23.5,387997
IPDC,2026-08-10,31.5,31.5,29.6,29.8,1683988
IPDC,2026-08-11,29.8,32.5,29.8,32.4,4874472
ISLAMIBANK,2026-08-10,29.9,30.3,29.6,29.7,67172
ISLAMIBANK,2026-08-11,30,30,29.8,29.8,58064
ISLAMICFIN,2026-08-10,12.3,12.3,11.9,12.1,351558
ISLAMICFIN,2026-08-11,12.1,12.3,11.8,12.1,400219
ISLAMIINS,2026-08-10,64.6,64.7,62.8,64.4,266786
ISLAMIINS,2026-08-11,65.8,65.8,63.3,63.9,190745
ISNLTD,2026-08-10,59.9,60.8,59.6,60.1,144133
ISNLTD,2026-08-11,60.4,62.7,59.6,61.8,247136
ITC,2026-08-10,47.3,49.5,47.1,48.9,1370224
ITC,2026-08-11,49.3,49.4,48.3,48.5,1221193
JAMUNABANK,2026-08-10,24.2,24.2,24,24.1,364952
JAMUNABANK,2026-08-11,24.1,24.4,24,24.3,2524642
JAMUNAOIL,2026-08-10,183.5,183.5,182.1,182.8,15627
JAMUNAOIL,2026-08-11,182.9,184.7,182.6,183.2,26435
JANATAINS,2026-08-10,34.7,36.2,34.7,36.1,593568
JANATAINS,2026-08-11,36.2,36.8,35.4,35.7,721140
JHRML,2026-08-10,50.3,52.4,50.3,52.1,430159
JHRML,2026-08-11,53,53.8,52.5,53.5,732017
JMISMDL,2026-08-10,151.1,152,147.4,150.3,28143
JMISMDL,2026-08-11,150.3,151.4,142,145.7,72139
JUTESPINN,2026-08-10,220.1,226.6,215.1,220.6,1470
JUTESPINN,2026-08-11,224,224,219.6,220.3,1454
KARNAPHULI,2026-08-10,55.4,56.8,55.1,56.4,843485
KARNAPHULI,2026-08-11,56.8,58.2,53.9,54.5,2179305
KAY&QUE,2026-08-10,433,433,425,429.6,25899
KAY&QUE,2026-08-11,426.9,433.9,426.9,429.3,29528
KBPPWBIL,2026-08-10,38.6,39.1,38.4,38.9,339965
KBPPWBIL,2026-08-11,39.2,40,39,39.3,654582
KDSALTD,2026-08-10,49.8,50.6,49.8,50.6,129672
KDSALTD,2026-08-11,50.5,50.9,50.5,50.7,205234
KEYACOSMET,2026-08-10,5.5,5.7,5.5,5.6,1167864
KEYACOSMET,2026-08-11,5.6,5.7,5.5,5.6,1294278
KOHINOOR,2026-08-10,542,553,542,546.9,18782
KOHINOOR,2026-08-11,546.9,550,546.9,549,8174
KPCL,2026-08-10,11,11.1,10.9,11,560729
KPCL,2026-08-11,11,11.9,11,11.7,3433625
KPPL,2026-08-10,15.7,15.8,15.3,15.3,154458
KPPL,2026-08-11,15.3,15.5,15.2,15.3,182977
KTL,2026-08-10,11.4,11.6,11.2,11.3,287129
KTL,2026-08-11,11.5,11.9,11.4,11.8,513787
LANKABAFIN,2026-08-10,17.2,17.4,17,17.3,2378999
LANKABAFIN,2026-08-11,17.5,18.3,17.4,18.1,3245143
LEGACYFOOT,2026-08-10,75.3,77.8,74.6,77.5,500636
LEGACYFOOT,2026-08-11,78,79.5,75.7,76.5,893913
LHB,2026-08-10,57.6,57.8,56,56.6,1456424
LHB,2026-08-11,57.5,58.1,56.8,57.9,809267
LIBRAINFU,2026-08-10,631.7,640,631.7,635.8,2153
LIBRAINFU,2026-08-11,636.2,642,630,632.5,2604
LINDEBD,2026-08-10,716.7,722,715,721,3596
LINDEBD,2026-08-11,720,724,720,722.6,2829
LOVELLO,2026-08-10,68.3,69,67.8,68.3,831933
LOVELLO,2026-08-11,68.3,69.9,68.3,68.8,906110
LRBDL,2026-08-10,15.7,15.9,15.5,15.6,526832
LRBDL,2026-08-11,15.7,16.3,15.7,15.9,719917
LRGLOBMF1,2026-08-10,4.9,4.9,4.7,4.9,705409
LRGLOBMF1,2026-08-11,4.9,5.1,4.9,5,782402
MAGURAPLEX,2026-08-10,93.1,93.1,91.6,91.9,94374
MAGURAPLEX,2026-08-11,91.9,93.8,91.9,92.7,80228
MAKSONSPIN,2026-08-10,6.3,6.4,6.2,6.3,223738
MAKSONSPIN,2026-08-11,6.3,6.6,6.3,6.5,423636
MALEKSPIN,2026-08-10,45.3,45.6,44,45.2,2825613
MALEKSPIN,2026-08-11,45.5,47,45.5,46.2,6797563
MARICO,2026-08-10,2715,2734.9,2715,2717.5,6702
MARICO,2026-08-11,2720,2727.5,2718,2722.6,1616
MATINSPINN,2026-08-10,61.8,61.8,60.3,61,258685
MATINSPINN,2026-08-11,60.5,62,60.5,61.8,346993
MBL1STMF,2026-08-10,7.5,8.2,7.5,8.2,3109759
MBL1STMF,2026-08-11,8.3,9,8.3,8.7,4352292
MBPLCPBOND,2026-08-10,0,0,0,0,0
MBPLCPBOND,2026-08-11,0,0,0,0,0
MEGCONMILK,2026-08-10,34,34.5,32.3,32.7,150099
MEGCONMILK,2026-08-11,32.8,33.6,32.5,33.3,37719
MEGHNACEM,2026-08-10,31.9,32,31.5,31.5,6287
MEGHNACEM,2026-08-11,32,32,31.7,31.7,4857
MEGHNAINS,2026-08-10,38.8,41.5,38.6,41.1,3064004
MEGHNAINS,2026-08-11,41.5,42.4,40.2,40.5,2551907
MEGHNALIFE,2026-08-10,62,62.9,61.7,62.1,70637
MEGHNALIFE,2026-08-11,62.6,63.3,62,62,117805
MEGHNAPET,2026-08-10,81,81,75.2,77.5,132551
MEGHNAPET,2026-08-11,77.2,80.7,77,80.3,45885
MERCANBANK,2026-08-10,7.4,7.4,7.3,7.4,162414
MERCANBANK,2026-08-11,7.4,7.4,7.3,7.3,109607
MERCINS,2026-08-10,44.2,45.4,43.5,44.7,426946
MERCINS,2026-08-11,45.5,46.4,45.3,45.8,563450
METROSPIN,2026-08-10,9.5,9.6,9.4,9.4,28071
METROSPIN,2026-08-11,9.6,9.6,9.4,9.5,42638
MHSML,2026-08-10,22.6,22.8,22.2,22.4,1116160
MHSML,2026-08-11,22.5,22.8,22.3,22.4,1194657
MIDASFIN,2026-08-10,6.3,6.3,5.8,6.1,112791
MIDASFIN,2026-08-11,5.9,6,5.6,5.9,359002
MIDLANDBNK,2026-08-10,17.9,18.3,17.8,18.1,778666
MIDLANDBNK,2026-08-11,18.3,19.3,18.1,19.1,4144799
MIRACLEIND,2026-08-10,30.5,31.2,30.5,30.9,273423
MIRACLEIND,2026-08-11,31.2,32.9,31.2,31.8,696376
MIRAKHTER,2026-08-10,41.6,41.8,40.6,41.2,403276
MIRAKHTER,2026-08-11,41.4,42,41.1,41.3,455309
MITHUNKNIT,2026-08-10,13.6,14.1,13.6,13.8,59248
MITHUNKNIT,2026-08-11,13.6,14.1,13.6,13.9,62120
MJLBD,2026-08-10,92.5,93.2,92.3,92.9,41169
MJLBD,2026-08-11,92.6,93.9,92.2,92.7,86954
MLDYEING,2026-08-10,18.2,19.3,18.1,18.6,15499377
MLDYEING,2026-08-11,18.6,19.1,17.9,18.2,13150775
MONNOAGML,2026-08-10,353,353,345,347.4,16923
MONNOAGML,2026-08-11,350.8,350.8,347.5,350.6,7986
MONNOCERA,2026-08-10,93.9,94.9,93.8,94.3,177290
MONNOCERA,2026-08-11,94.6,95.4,94.2,94.9,212437
MONNOFABR,2026-08-10,23.8,24.2,23.4,24,4500097
MONNOFABR,2026-08-11,24.3,24.5,24,24.1,2631190
MONOSPOOL,2026-08-10,118.9,119.1,116.9,117.1,169537
MONOSPOOL,2026-08-11,118.5,119.2,117.4,118.5,230760
MPETROLEUM,2026-08-10,215.3,215.9,214.1,214.4,28681
MPETROLEUM,2026-08-11,214,215.6,214,214.3,14570
MTB,2026-08-10,13.3,13.4,13.2,13.4,296599
MTB,2026-08-11,13.5,13.6,13.3,13.5,1347171
MTBPBOND,2026-08-10,0,0,0,0,0
MTBPBOND,2026-08-11,0,0,0,0,0
NAHEEACP,2026-08-10,36.3,36.5,36,36.1,452196
NAHEEACP,2026-08-11,36.2,37,36,36.8,376727
NATLIFEINS,2026-08-10,103.3,105.7,103.2,104.7,32251
NATLIFEINS,2026-08-11,104.9,105.5,103.8,104.6,42593
NAVANACNG,2026-08-10,22.8,23,22.6,22.6,53463
NAVANACNG,2026-08-11,22.6,22.8,22.6,22.6,86911
NAVANAPHAR,2026-08-10,68.3,70.1,68.3,69.8,215525
NAVANAPHAR,2026-08-11,69,70.6,69,69.9,255074
NBL,2026-08-10,3.7,3.8,3.6,3.7,1578838
NBL,2026-08-11,3.7,3.8,3.6,3.8,1001067
NCCBANK,2026-08-10,15.3,15.5,15.2,15.4,1903695
NCCBANK,2026-08-11,15.4,15.8,15.4,15.7,6438545
NCCBLMF1,2026-08-10,6.8,7.2,6.8,7.1,549785
NCCBLMF1,2026-08-11,7.3,7.4,7.1,7.1,557562
NEWLINE,2026-08-10,7,7.4,7,7.1,584986
NEWLINE,2026-08-11,7.1,7.3,6.9,7,434707
NFML,2026-08-10,20.3,20.3,19.8,20,765417
NFML,2026-08-11,20.2,20.5,19.8,20.3,1323442
NHFIL,2026-08-10,28.4,29.3,28.4,28.8,166618
NHFIL,2026-08-11,29.8,30.4,28.8,30.1,747965
NITOLINS,2026-08-10,47.4,48.8,46.3,47.6,1431161
NITOLINS,2026-08-11,48.2,48.8,46.8,47.5,1588398
NORTHERN,2026-08-10,111.3,115.6,111.3,113,2824
NORTHERN,2026-08-11,115.6,115.6,114,114.2,2302
NORTHRNINS,2026-08-10,40.6,44.6,40.6,44.6,2088263
NORTHRNINS,2026-08-11,45,45.3,42.6,43,598167
NPOLYMER,2026-08-10,35.7,36.2,35.4,36,250357
NPOLYMER,2026-08-11,36,36.6,36,36.4,353329
NRBBANK,2026-08-10,6.8,6.8,6.6,6.7,195977
NRBBANK,2026-08-11,6.8,7,6.7,7,645564
NRBCBANK,2026-08-10,9,9.2,8.9,9,120300
NRBCBANK,2026-08-11,9.2,9.9,8.9,9.9,3858516
NTC,2026-08-10,163.6,171.2,163.6,168.2,1572
NTC,2026-08-11,165,172,165,168.1,927
NTLTUBES,2026-08-10,69,71.2,69,70.4,120513
NTLTUBES,2026-08-11,70,70.9,69.4,70.3,232707
NURANI,2026-08-10,3.2,3.2,3,3,145436
NURANI,2026-08-11,3.1,3.3,3.1,3.3,1125271
OAL,2026-08-10,6.9,7,6.8,6.9,257617
OAL,2026-08-11,7,7,6.8,6.8,340892
OIMEX,2026-08-10,16.3,16.4,16,16.1,88277
OIMEX,2026-08-11,16.4,16.4,16.1,16.3,192356
OLYMPIC,2026-08-10,150.6,152.2,150,150.6,128121
OLYMPIC,2026-08-11,150.6,154,150.6,153,164359
ONEBANKPLC,2026-08-10,7.9,8,7.9,7.9,30938
ONEBANKPLC,2026-08-11,7.9,8.2,7.9,8.1,1164097
ORIONINFU,2026-08-10,265,269.9,264.7,267.2,102881
ORIONINFU,2026-08-11,269,273.8,267.3,269.1,165118
ORIONPHARM,2026-08-10,29.1,29.3,28.5,28.8,143168
ORIONPHARM,2026-08-11,29.2,29.2,28.7,28.8,177253
PADMALIFE,2026-08-10,18.8,18.8,18,18.4,62576
PADMALIFE,2026-08-11,17.9,18.5,17.9,18.4,25472
PADMAOIL,2026-08-10,201,201,199.9,200.6,14890
PADMAOIL,2026-08-11,200.4,201,199.9,200,28804
PARAMOUNT,2026-08-10,61.6,63.4,61.3,63,459506
PARAMOUNT,2026-08-11,63.9,64.5,62.6,62.9,250466
PBLPBOND,2026-08-10,0,0,0,0,0
PBLPBOND,2026-08-11,0,0,0,0,0
PDL,2026-08-10,5.7,5.9,5.7,5.9,196193
PDL,2026-08-11,5.9,6,5.7,5.8,364339
PENINSULA,2026-08-10,25,25,24.2,24.5,190385
PENINSULA,2026-08-11,24.9,24.9,24.5,24.7,133376
PEOPLESINS,2026-08-10,62.9,64.5,61.9,63.3,748537
PEOPLESINS,2026-08-11,64.9,65.5,63.7,64.7,1318714
PF1STMF,2026-08-10,14,14,13.5,13.9,1935734
PF1STMF,2026-08-11,14.2,14.6,13.9,14.1,1279492
PHARMAID,2026-08-10,610.2,619,606.3,614,20492
PHARMAID,2026-08-11,615,622.5,612,614.1,22936
PHENIXINS,2026-08-10,49.6,50.8,48.9,50,931249
PHENIXINS,2026-08-11,50.9,51.6,49.2,49.8,1290371
PHOENIXFIN,2026-08-10,3.8,4.4,3.7,4.2,362498
PHOENIXFIN,2026-08-11,4.1,4.3,4.1,4.2,178000
PHPMF1,2026-08-10,3.9,4,3.8,4,1431204
PHPMF1,2026-08-11,4,4.1,3.9,4,1149438
PIONEERINS,2026-08-10,68.8,69.8,67.9,69.7,396200
PIONEERINS,2026-08-11,69.7,71.4,69.2,69.9,790283
PLFSL,2026-08-10,2,2.2,2,2,1802039
PLFSL,2026-08-11,1.8,2.2,1.8,1.9,8515915
POPULAR1MF,2026-08-10,3.9,4,3.8,3.9,3717355
POPULAR1MF,2026-08-11,4,4.1,3.9,4,1136790
POPULARLIF,2026-08-10,60.2,61,59.2,60.8,117988
POPULARLIF,2026-08-11,61.5,61.9,60.5,60.7,178016
POWERGRID,2026-08-10,41,41,40,40.3,74238
POWERGRID,2026-08-11,41.2,41.2,39.9,40,154218
PRAGATIINS,2026-08-10,80.9,82,79.6,80.9,184895
PRAGATIINS,2026-08-11,77.3,84.7,77.3,81.6,670640
PRAGATILIF,2026-08-10,174.2,175.8,172.8,173.3,118685
PRAGATILIF,2026-08-11,173.9,176,170,170.6,164269
PREBPBOND,2026-08-10,4465,4465,4465,4465,1
PREBPBOND,2026-08-11,0,0,0,0,0
PREMIERBAN,2026-08-10,5.6,5.8,5.5,5.8,1253794
PREMIERBAN,2026-08-11,5.6,5.8,5.6,5.8,1247308
PREMIERCEM,2026-08-10,48.4,48.4,47.9,48.2,131969
PREMIERCEM,2026-08-11,48.4,49.4,48.4,49.2,181580
PREMIERLEA,2026-08-10,2.5,2.7,2.5,2.5,646491
PREMIERLEA,2026-08-11,2.3,2.7,2.3,2.5,1753567
PRIME1ICBA,2026-08-10,6.9,6.9,6.7,6.9,141039
PRIME1ICBA,2026-08-11,6.9,7.2,6.8,6.9,377283
PRIMEBANK,2026-08-10,30.1,30.1,29.9,30,563297
PRIMEBANK,2026-08-11,30,30.2,30,30.1,523497
PRIMEFIN,2026-08-10,3.5,3.6,3.2,3.4,1406083
PRIMEFIN,2026-08-11,3.4,3.5,3.2,3.2,956854
PRIMEINSUR,2026-08-10,61.5,65,61.5,62.6,2488012
PRIMEINSUR,2026-08-11,60.1,64.1,60.1,61.8,1630723
PRIMELIFE,2026-08-10,42.5,43.5,42.4,43.1,67045
PRIMELIFE,2026-08-11,43.5,43.9,42.4,42.6,112072
PRIMETEX,2026-08-10,17.4,17.4,16.9,16.9,49098
PRIMETEX,2026-08-11,17,17.1,16.7,16.8,42130
PROGRESLIF,2026-08-10,40.3,41.3,40,40.5,10749
PROGRESLIF,2026-08-11,41.7,41.7,40.6,41.4,10707
PROVATIINS,2026-08-10,58.1,59.5,57.6,58.6,706095
PROVATIINS,2026-08-11,59.1,60.3,58.7,58.9,438678
PTL,2026-08-10,63.7,63.9,63,63.5,352776
PTL,2026-08-11,63.4,64.5,63.4,63.8,345821
PUBALIBANK,2026-08-10,38,38.5,37.9,38.3,606321
PUBALIBANK,2026-08-11,38.3,39.1,38.1,38.7,916222
PURABIGEN,2026-08-10,31.5,32.5,31,32.4,665093
PURABIGEN,2026-08-11,32.6,33.4,31.8,32.3,1043577
QUASEMIND,2026-08-10,44.8,44.9,44.2,44.9,269712
QUASEMIND,2026-08-11,45,45.5,44.8,45,348954
QUEENSOUTH,2026-08-10,18.3,18.6,18,18.4,3093193
QUEENSOUTH,2026-08-11,18.4,18.8,18.1,18.2,3173991
RAHIMAFOOD,2026-08-10,85.1,85.1,83.1,83.4,45583
RAHIMAFOOD,2026-08-11,83.6,85,82.5,83.3,53994
RAHIMTEXT,2026-08-10,218.6,221,213.8,215.5,17060
RAHIMTEXT,2026-08-11,213,217,213,213.7,18136
RAKCERAMIC,2026-08-10,30,30.5,29.8,30.1,196516
RAKCERAMIC,2026-08-11,30.3,30.7,30.2,30.3,196535
RANFOUNDRY,2026-08-10,164,164.3,161,161.5,13644
RANFOUNDRY,2026-08-11,161.5,163.7,160.9,161.2,19728
RDFOOD,2026-08-10,27.5,27.7,27.1,27.2,442145
RDFOOD,2026-08-11,27.2,27.6,27.1,27.3,555299
RECKITTBEN,2026-08-10,3330,3330,3295,3301.2,356
RECKITTBEN,2026-08-11,3300.4,3320,3299.2,3301.8,472
REGENTTEX,2026-08-10,7,7.1,6.8,6.9,419710
REGENTTEX,2026-08-11,6.9,7.1,6.8,6.9,224714
RELIANCE1,2026-08-10,12,12.2,11.9,11.9,736486
RELIANCE1,2026-08-11,12,12.3,11.9,12,699577
RELIANCINS,2026-08-10,111.8,115,110.8,112.8,249554
RELIANCINS,2026-08-11,113.5,116.4,112.1,115.4,313568
RENATA,2026-08-10,469.9,472,467.9,470.4,33051
RENATA,2026-08-11,469.6,475.9,468.5,473.4,16635
RENWICKJA,2026-08-10,872,872,850,859.5,586
RENWICKJA,2026-08-11,846.6,920,841,890,1804
REPUBLIC,2026-08-10,37.6,41.3,37.6,41.3,2790965
REPUBLIC,2026-08-11,41.9,42.8,40.8,41.7,1398576
RINGSHINE,2026-08-10,4.6,4.9,4.6,4.7,1729181
RINGSHINE,2026-08-11,4.8,4.9,4.7,4.8,1514308
ROBI,2026-08-10,31.7,31.9,31.5,31.6,1124986
ROBI,2026-08-11,31.7,32.2,31.6,32.1,1648837
RSRMSTEEL,2026-08-10,8,8.1,7.8,7.9,84153
RSRMSTEEL,2026-08-11,8,8.2,7.9,8,207761
RUNNERAUTO,2026-08-10,48.2,49.3,47.1,47.6,1804720
RUNNERAUTO,2026-08-11,47.9,48.2,46.9,47.1,1338322
RUPALIBANK,2026-08-10,17.6,17.6,17.2,17.4,47850
RUPALIBANK,2026-08-11,17.8,17.8,17.4,17.6,176418
RUPALIINS,2026-08-10,30.3,31.3,29.6,31.1,1081748
RUPALIINS,2026-08-11,31.5,33.6,31.4,32.1,3224344
RUPALILIFE,2026-08-10,92,92,89.8,90.7,212278
RUPALILIFE,2026-08-11,92.5,94.5,91.9,92.8,300159
SAFKOSPINN,2026-08-10,20.9,21.7,20,21.4,529077
SAFKOSPINN,2026-08-11,21.6,21.7,20,20.5,354438
SAIFPOWER,2026-08-10,9.6,9.9,9.6,9.8,277525
SAIFPOWER,2026-08-11,10.1,10.7,10,10.7,3706839
SAIHAMCOT,2026-08-10,22,22.6,21.9,22.2,3956924
SAIHAMCOT,2026-08-11,22.4,22.6,22.1,22.2,3373945
SAIHAMTEX,2026-08-10,26.5,27.4,26.4,27.3,8020402
SAIHAMTEX,2026-08-11,27.1,27.7,26.6,26.9,8331649
SALAMCRST,2026-08-10,12.5,12.7,12.4,12.7,141416
SALAMCRST,2026-08-11,12.7,13,12.7,12.8,201738
SALVO,2026-08-10,37.4,37.5,36.9,37.3,411037
SALVO,2026-08-11,37.5,37.7,37.3,37.3,296394
SAMATALETH,2026-08-10,108.8,108.8,104.8,105.8,110138
SAMATALETH,2026-08-11,105.8,110.1,105.8,107.8,104107
SAMORITA,2026-08-10,96.6,104.5,95,100.9,659906
SAMORITA,2026-08-11,101,104.2,99.8,100.9,218742
SANDHANINS,2026-08-10,28.7,29.4,28.6,29.1,1035454
SANDHANINS,2026-08-11,29.4,29.7,28.9,29.1,903241
SAPORTL,2026-08-10,58,59.5,57.8,59.2,3747606
SAPORTL,2026-08-11,59.7,60.6,59,60.5,2724923
SAVAREFR,2026-08-10,0,0,0,0,0
SAVAREFR,2026-08-11,0,0,0,0,0
SBACBANK,2026-08-10,6.9,7.1,6.8,7,83097
SBACBANK,2026-08-11,7.2,7.4,6.9,7.3,174734
SEAPEARL,2026-08-10,38.6,39.1,38.2,38.8,447278
SEAPEARL,2026-08-11,39.1,39.4,39,39.2,430933
SEB1PBOND,2026-08-10,0,0,0,0,0
SEB1PBOND,2026-08-11,0,0,0,0,0
SEMLFBSLGF,2026-08-10,7.6,7.8,7.4,7.7,493156
SEMLFBSLGF,2026-08-11,7.8,7.9,7.5,7.6,1080282
SEMLIBBLSF,2026-08-10,7.9,8.2,7.8,8,168723
SEMLIBBLSF,2026-08-11,8.1,8.1,7.9,7.9,202507
SHAHJABANK,2026-08-10,17.5,17.5,17.4,17.5,102363
SHAHJABANK,2026-08-11,17.4,17.7,17.4,17.7,174398
SHARPIND,2026-08-10,42.4,43.1,41.8,42.5,3809529
SHARPIND,2026-08-11,42.5,43.7,42.3,42.9,9665203
SHASHADNIM,2026-08-10,28.4,28.9,28.3,28.8,1738387
SHASHADNIM,2026-08-11,29,29.3,28.7,28.7,1301993
SHEPHERD,2026-08-10,17.5,17.6,17.2,17.4,1461730
SHEPHERD,2026-08-11,17.6,17.6,17.2,17.3,1445870
SHURWID,2026-08-10,6.3,6.4,6.2,6.3,169870
SHURWID,2026-08-11,6.5,6.5,6.3,6.3,54184
SHYAMPSUG,2026-08-10,313.4,313.4,296,296.7,23733
SHYAMPSUG,2026-08-11,289.9,299.7,287,288.1,21941
SIBL,2026-08-10,0,0,0,0,0
SIBL,2026-08-11,0,0,0,0,0
SICL,2026-08-10,35.8,37.5,35.5,37.3,429317
SICL,2026-08-11,37.5,38.3,37.5,37.7,521840
SILCOPHL,2026-08-10,20.4,20.7,20.2,20.5,675112
SILCOPHL,2026-08-11,20.6,20.9,20.6,20.7,517621
SILVAPHL,2026-08-10,16.3,16.7,16.2,16.5,631362
SILVAPHL,2026-08-11,16.5,16.8,16.4,16.5,895755
SIMTEX,2026-08-10,27.3,27.5,27,27.2,1026791
SIMTEX,2026-08-11,27.4,27.8,27.3,27.4,1022350
SINGERBD,2026-08-10,77.7,77.9,77.3,77.8,8344
SINGERBD,2026-08-11,77.9,78.8,77.5,78.2,12876
SINOBANGLA,2026-08-10,56,57.2,56,57.2,239183
SINOBANGLA,2026-08-11,57.5,57.7,56.8,57,294085
SIPLC,2026-08-10,123,133.6,123,131.2,870127
SIPLC,2026-08-11,132,144.3,127.4,143.4,905635
SJIBLPBOND,2026-08-10,0,0,0,0,0
SJIBLPBOND,2026-08-11,0,0,0,0,0
SKTRIMS,2026-08-10,14.6,14.9,14.6,14.7,96301
SKTRIMS,2026-08-11,14.8,14.9,14.6,14.8,255616
SONALIANSH,2026-08-10,221.8,221.8,219,220.1,110165
SONALIANSH,2026-08-11,220.1,224.9,220.1,222.9,202343
SONALILIFE,2026-08-10,88.5,89.9,87.9,89.7,228451
SONALILIFE,2026-08-11,89.7,91,87.2,87.9,390296
SONALIPAPR,2026-08-10,245,250,244.6,248.3,196136
SONALIPAPR,2026-08-11,249.8,255.4,247,249.6,285342
SONARBAINS,2026-08-10,41.3,43.4,41.1,43.3,715604
SONARBAINS,2026-08-11,43.9,44,41.5,41.9,604428
SONARGAON,2026-08-10,117.3,118.9,110.5,111.9,454216
SONARGAON,2026-08-11,112.1,121.1,112.1,118.5,396275
SOUTHEASTB,2026-08-10,10.7,10.9,10.7,10.9,1530654
SOUTHEASTB,2026-08-11,10.9,11.8,10.8,11.6,8699469
SPCERAMICS,2026-08-10,22.7,23.5,22.5,23.4,1323857
SPCERAMICS,2026-08-11,23.6,23.8,23,23.1,1328630
SPCL,2026-08-10,57.2,57.6,56.9,57.2,342160
SPCL,2026-08-11,57.3,58.4,57.2,57.7,509870
SQUARETEXT,2026-08-10,50.8,52.1,50.8,52,284230
SQUARETEXT,2026-08-11,52,52.3,51.5,52.1,305612
SQURPHARMA,2026-08-10,218.9,220.1,218.5,219.9,140479
SQURPHARMA,2026-08-11,220,220.9,219.5,219.7,305941
SSSTEEL,2026-08-10,7.4,7.4,7,7.2,1072441
SSSTEEL,2026-08-11,7.3,7.4,7.1,7.2,408322
STANCERAM,2026-08-10,72.1,73.9,70.9,71.2,11244
STANCERAM,2026-08-11,71.2,73.8,71.2,73.8,4350
STANDARINS,2026-08-10,51.3,52.7,50.7,52.3,501678
STANDARINS,2026-08-11,53.3,53.6,52.3,52.5,644688
STANDBANKL,2026-08-10,5,5,4.8,4.9,880723
STANDBANKL,2026-08-11,4.9,5.1,4.9,5.1,747482
STYLECRAFT,2026-08-10,60,60.5,59.4,59.5,8208
STYLECRAFT,2026-08-11,59.7,62,59.7,60.2,39661
SUMITPOWER,2026-08-10,16.9,17,16.7,16.8,445555
SUMITPOWER,2026-08-11,16.7,17.2,16.7,17.1,2404393
SUNLIFEINS,2026-08-10,65,66.5,64,66,328655
SUNLIFEINS,2026-08-11,66.2,67.7,63.7,64.6,1001151
TAKAFULINS,2026-08-10,53.5,54.5,53.5,54.1,213322
TAKAFULINS,2026-08-11,54.8,56,54.7,55.1,366849
TALLUSPIN,2026-08-10,8.2,8.3,8.1,8.2,127030
TALLUSPIN,2026-08-11,8.2,8.2,8.1,8.2,107578
TAMIJTEX,2026-08-10,131.1,131.3,130.1,131,35723
TAMIJTEX,2026-08-11,131.7,135.1,130.9,133.9,193099
TB10Y0127,2026-08-10,0,0,0,0,0
TB10Y0127,2026-08-11,0,0,0,0,0
TB10Y0130,2026-08-10,0,0,0,0,0
TB10Y0130,2026-08-11,0,0,0,0,0
TB10Y0132,2026-08-10,0,0,0,0,0
TB10Y0132,2026-08-11,0,0,0,0,0
TB10Y0135,2026-08-10,0,0,0,0,0
TB10Y0135,2026-08-11,112.94,112.94,112.94,112.94,2000
TB10Y0231,2026-08-10,0,0,0,0,0
TB10Y0231,2026-08-11,0,0,0,0,0
TB10Y0234,2026-08-10,0,0,0,0,0
TB10Y0234,2026-08-11,0,0,0,0,0
TB10Y0333,2026-08-10,0,0,0,0,0
TB10Y0333,2026-08-11,0,0,0,0,0
TB10Y0335,2026-08-10,0,0,0,0,0
TB10Y0335,2026-08-11,0,0,0,0,0
TB10Y0429,2026-08-10,0,0,0,0,0
TB10Y0429,2026-08-11,0,0,0,0,0
TB10Y0434,2026-08-10,0,0,0,0,0
TB10Y0434,2026-08-11,0,0,0,0,0
TB10Y0530,2026-08-10,0,0,0,0,0
TB10Y0530,2026-08-11,0,0,0,0,0
TB10Y0531,2026-08-10,0,0,0,0,0
TB10Y0531,2026-08-11,0,0,0,0,0
TB10Y0532,2026-08-10,0,0,0,0,0
TB10Y0532,2026-08-11,0,0,0,0,0
TB10Y0535,2026-08-10,0,0,0,0,0
TB10Y0535,2026-08-11,0,0,0,0,0
TB10Y0628,2026-08-10,0,0,0,0,0
TB10Y0628,2026-08-11,0,0,0,0,0
TB10Y0629,2026-08-10,0,0,0,0,0
TB10Y0629,2026-08-11,0,0,0,0,0
TB10Y0630,2026-08-10,0,0,0,0,0
TB10Y0630,2026-08-11,0,0,0,0,0
TB10Y0632,2026-08-10,0,0,0,0,0
TB10Y0632,2026-08-11,0,0,0,0,0
TB10Y0634,2026-08-10,0,0,0,0,0
TB10Y0634,2026-08-11,114.94,116.25,114.94,116.25,20000
TB10Y0730,2026-08-10,0,0,0,0,0
TB10Y0730,2026-08-11,0,0,0,0,0
TB10Y0731,2026-08-10,0,0,0,0,0
TB10Y0731,2026-08-11,0,0,0,0,0
TB10Y0735,2026-08-10,0,0,0,0,0
TB10Y0735,2026-08-11,0,0,0,0,0
TB10Y0829,2026-08-10,0,0,0,0,0
TB10Y0829,2026-08-11,0,0,0,0,0
TB10Y0833,2026-08-10,0,0,0,0,0
TB10Y0833,2026-08-11,0,0,0,0,0
TB10Y0932,2026-08-10,0,0,0,0,0
TB10Y0932,2026-08-11,0,0,0,0,0
TB10Y1027,2026-08-10,0,0,0,0,0
TB10Y1027,2026-08-11,0,0,0,0,0
TB10Y1030,2026-08-10,0,0,0,0,0
TB10Y1030,2026-08-11,0,0,0,0,0
TB10Y1031,2026-08-10,0,0,0,0,0
TB10Y1031,2026-08-11,0,0,0,0,0
TB10Y1128,2026-08-10,0,0,0,0,0
TB10Y1128,2026-08-11,0,0,0,0,0
TB10Y1135,2026-08-10,0,0,0,0,0
TB10Y1135,2026-08-11,0,0,0,0,0
TB10Y1229,2026-08-10,0,0,0,0,0
TB10Y1229,2026-08-11,0,0,0,0,0
TB10Y1232,2026-08-10,0,0,0,0,0
TB10Y1232,2026-08-11,0,0,0,0,0
TB15Y0127,2026-08-10,0,0,0,0,0
TB15Y0127,2026-08-11,0,0,0,0,0
TB15Y0128,2026-08-10,0,0,0,0,0
TB15Y0128,2026-08-11,0,0,0,0,0
TB15Y0129,2026-08-10,0,0,0,0,0
TB15Y0129,2026-08-11,0,0,0,0,0
TB15Y0227,2026-08-10,0,0,0,0,0
TB15Y0227,2026-08-11,0,0,0,0,0
TB15Y0228,2026-08-10,0,0,0,0,0
TB15Y0228,2026-08-11,0,0,0,0,0
TB15Y0229,2026-08-10,0,0,0,0,0
TB15Y0229,2026-08-11,0,0,0,0,0
TB15Y0327,2026-08-10,0,0,0,0,0
TB15Y0327,2026-08-11,0,0,0,0,0
TB15Y0328,2026-08-10,0,0,0,0,0
TB15Y0328,2026-08-11,0,0,0,0,0
TB15Y0329,2026-08-10,0,0,0,0,0
TB15Y0329,2026-08-11,0,0,0,0,0
TB15Y0339,2026-08-10,0,0,0,0,0
TB15Y0339,2026-08-11,0,0,0,0,0
TB15Y0340,2026-08-10,0,0,0,0,0
TB15Y0340,2026-08-11,0,0,0,0,0
TB15Y0427,2026-08-10,0,0,0,0,0
TB15Y0427,2026-08-11,0,0,0,0,0
TB15Y0428,2026-08-10,0,0,0,0,0
TB15Y0428,2026-08-11,0,0,0,0,0
TB15Y0429,2026-08-10,0,0,0,0,0
TB15Y0429,2026-08-11,0,0,0,0,0
TB15Y0431,2026-08-10,0,0,0,0,0
TB15Y0431,2026-08-11,0,0,0,0,0
TB15Y0437,2026-08-10,0,0,0,0,0
TB15Y0437,2026-08-11,0,0,0,0,0
TB15Y0527,2026-08-10,0,0,0,0,0
TB15Y0527,2026-08-11,0,0,0,0,0
TB15Y0528,2026-08-10,0,0,0,0,0
TB15Y0528,2026-08-11,0,0,0,0,0
TB15Y0529,2026-08-10,0,0,0,0,0
TB15Y0529,2026-08-11,0,0,0,0,0
TB15Y0535,2026-08-10,0,0,0,0,0
TB15Y0535,2026-08-11,0,0,0,0,0
TB15Y0627,2026-08-10,0,0,0,0,0
TB15Y0627,2026-08-11,0,0,0,0,0
TB15Y0628,2026-08-10,0,0,0,0,0
TB15Y0628,2026-08-11,0,0,0,0,0
TB15Y0629,2026-08-10,0,0,0,0,0
TB15Y0629,2026-08-11,0,0,0,0,0
TB15Y0635,2026-08-10,0,0,0,0,0
TB15Y0635,2026-08-11,0,0,0,0,0
TB15Y0637,2026-08-10,0,0,0,0,0
TB15Y0637,2026-08-11,0,0,0,0,0
TB15Y0727,2026-08-10,0,0,0,0,0
TB15Y0727,2026-08-11,0,0,0,0,0
TB15Y0728,2026-08-10,0,0,0,0,0
TB15Y0728,2026-08-11,0,0,0,0,0
TB15Y0729,2026-08-10,0,0,0,0,0
TB15Y0729,2026-08-11,0,0,0,0,0
TB15Y0730,2026-08-10,0,0,0,0,0
TB15Y0730,2026-08-11,0,0,0,0,0
TB15Y0736,2026-08-10,0,0,0,0,0
TB15Y0736,2026-08-11,0,0,0,0,0
TB15Y0826,2026-08-10,0,0,0,0,0
TB15Y0826,2026-08-11,0,0,0,0,0
TB15Y0828,2026-08-10,0,0,0,0,0
TB15Y0828,2026-08-11,0,0,0,0,0
TB15Y0829,2026-08-10,0,0,0,0,0
TB15Y0829,2026-08-11,0,0,0,0,0
TB15Y0840,2026-08-10,0,0,0,0,0
TB15Y0840,2026-08-11,0,0,0,0,0
TB15Y0926,2026-08-10,0,0,0,0,0
TB15Y0926,2026-08-11,0,0,0,0,0
TB15Y0927,2026-08-10,0,0,0,0,0
TB15Y0927,2026-08-11,0,0,0,0,0
TB15Y0928,2026-08-10,0,0,0,0,0
TB15Y0928,2026-08-11,0,0,0,0,0
TB15Y0929,2026-08-10,0,0,0,0,0
TB15Y0929,2026-08-11,0,0,0,0,0
TB15Y0930,2026-08-10,0,0,0,0,0
TB15Y0930,2026-08-11,0,0,0,0,0
TB15Y0933,2026-08-10,0,0,0,0,0
TB15Y0933,2026-08-11,0,0,0,0,0
TB15Y1026,2026-08-10,0,0,0,0,0
TB15Y1026,2026-08-11,0,0,0,0,0
TB15Y1027,2026-08-10,0,0,0,0,0
TB15Y1027,2026-08-11,0,0,0,0,0
TB15Y1028,2026-08-10,0,0,0,0,0
TB15Y1028,2026-08-11,0,0,0,0,0
TB15Y1029,2026-08-10,0,0,0,0,0
TB15Y1029,2026-08-11,0,0,0,0,0
TB15Y1126,2026-08-10,0,0,0,0,0
TB15Y1126,2026-08-11,0,0,0,0,0
TB15Y1127,2026-08-10,0,0,0,0,0
TB15Y1127,2026-08-11,0,0,0,0,0
TB15Y1128,2026-08-10,0,0,0,0,0
TB15Y1128,2026-08-11,0,0,0,0,0
TB15Y1129,2026-08-10,0,0,0,0,0
TB15Y1129,2026-08-11,0,0,0,0,0
TB15Y1133,2026-08-10,0,0,0,0,0
TB15Y1133,2026-08-11,0,0,0,0,0
TB15Y1226,2026-08-10,0,0,0,0,0
TB15Y1226,2026-08-11,0,0,0,0,0
TB15Y1227,2026-08-10,0,0,0,0,0
TB15Y1227,2026-08-11,0,0,0,0,0
TB15Y1228,2026-08-10,0,0,0,0,0
TB15Y1228,2026-08-11,0,0,0,0,0
TB20Y0128,2026-08-10,0,0,0,0,0
TB20Y0128,2026-08-11,0,0,0,0,0
TB20Y0129,2026-08-10,0,0,0,0,0
TB20Y0129,2026-08-11,0,0,0,0,0
TB20Y0131,2026-08-10,0,0,0,0,0
TB20Y0131,2026-08-11,0,0,0,0,0
TB20Y0132,2026-08-10,0,0,0,0,0
TB20Y0132,2026-08-11,0,0,0,0,0
TB20Y0133,2026-08-10,0,0,0,0,0
TB20Y0133,2026-08-11,0,0,0,0,0
TB20Y0134,2026-08-10,0,0,0,0,0
TB20Y0134,2026-08-11,0,0,0,0,0
TB20Y0143,2026-08-10,0,0,0,0,0
TB20Y0143,2026-08-11,0,0,0,0,0
TB20Y0228,2026-08-10,0,0,0,0,0
TB20Y0228,2026-08-11,0,0,0,0,0
TB20Y0229,2026-08-10,0,0,0,0,0
TB20Y0229,2026-08-11,0,0,0,0,0
TB20Y0230,2026-08-10,0,0,0,0,0
TB20Y0230,2026-08-11,0,0,0,0,0
TB20Y0231,2026-08-10,0,0,0,0,0
TB20Y0231,2026-08-11,0,0,0,0,0
TB20Y0232,2026-08-10,0,0,0,0,0
TB20Y0232,2026-08-11,0,0,0,0,0
TB20Y0233,2026-08-10,0,0,0,0,0
TB20Y0233,2026-08-11,0,0,0,0,0
TB20Y0234,2026-08-10,0,0,0,0,0
TB20Y0234,2026-08-11,0,0,0,0,0
TB20Y0328,2026-08-10,0,0,0,0,0
TB20Y0328,2026-08-11,0,0,0,0,0
TB20Y0329,2026-08-10,0,0,0,0,0
TB20Y0329,2026-08-11,0,0,0,0,0
TB20Y0330,2026-08-10,0,0,0,0,0
TB20Y0330,2026-08-11,0,0,0,0,0
TB20Y0331,2026-08-10,0,0,0,0,0
TB20Y0331,2026-08-11,0,0,0,0,0
TB20Y0332,2026-08-10,0,0,0,0,0
TB20Y0332,2026-08-11,0,0,0,0,0
TB20Y0333,2026-08-10,0,0,0,0,0
TB20Y0333,2026-08-11,0,0,0,0,0
TB20Y0334,2026-08-10,0,0,0,0,0
TB20Y0334,2026-08-11,0,0,0,0,0
TB20Y0342,2026-08-10,0,0,0,0,0
TB20Y0342,2026-08-11,0,0,0,0,0
TB20Y0428,2026-08-10,0,0,0,0,0
TB20Y0428,2026-08-11,0,0,0,0,0
TB20Y0429,2026-08-10,0,0,0,0,0
TB20Y0429,2026-08-11,0,0,0,0,0
TB20Y0430,2026-08-10,0,0,0,0,0
TB20Y0430,2026-08-11,0,0,0,0,0
TB20Y0431,2026-08-10,0,0,0,0,0
TB20Y0431,2026-08-11,0,0,0,0,0
TB20Y0432,2026-08-10,0,0,0,0,0
TB20Y0432,2026-08-11,0,0,0,0,0
TB20Y0433,2026-08-10,0,0,0,0,0
TB20Y0433,2026-08-11,0,0,0,0,0
TB20Y0434,2026-08-10,0,0,0,0,0
TB20Y0434,2026-08-11,0,0,0,0,0
TB20Y0436,2026-08-10,0,0,0,0,0
TB20Y0436,2026-08-11,0,0,0,0,0
TB20Y0528,2026-08-10,0,0,0,0,0
TB20Y0528,2026-08-11,0,0,0,0,0
TB20Y0529,2026-08-10,0,0,0,0,0
TB20Y0529,2026-08-11,0,0,0,0,0
TB20Y0530,2026-08-10,0,0,0,0,0
TB20Y0530,2026-08-11,0,0,0,0,0
TB20Y0531,2026-08-10,0,0,0,0,0
TB20Y0531,2026-08-11,0,0,0,0,0
TB20Y0532,2026-08-10,0,0,0,0,0
TB20Y0532,2026-08-11,0,0,0,0,0
TB20Y0533,2026-08-10,0,0,0,0,0
TB20Y0533,2026-08-11,0,0,0,0,0
TB20Y0534,2026-08-10,0,0,0,0,0
TB20Y0534,2026-08-11,0,0,0,0,0
TB20Y0540,2026-08-10,0,0,0,0,0
TB20Y0540,2026-08-11,0,0,0,0,0
TB20Y0545,2026-08-10,0,0,0,0,0
TB20Y0545,2026-08-11,0,0,0,0,0
TB20Y0628,2026-08-10,0,0,0,0,0
TB20Y0628,2026-08-11,0,0,0,0,0
TB20Y0629,2026-08-10,0,0,0,0,0
TB20Y0629,2026-08-11,0,0,0,0,0
TB20Y0630,2026-08-10,0,0,0,0,0
TB20Y0630,2026-08-11,0,0,0,0,0
TB20Y0631,2026-08-10,0,0,0,0,0
TB20Y0631,2026-08-11,0,0,0,0,0
TB20Y0632,2026-08-10,0,0,0,0,0
TB20Y0632,2026-08-11,0,0,0,0,0
TB20Y0633,2026-08-10,0,0,0,0,0
TB20Y0633,2026-08-11,0,0,0,0,0
TB20Y0634,2026-08-10,0,0,0,0,0
TB20Y0634,2026-08-11,0,0,0,0,0
TB20Y0639,2026-08-10,0,0,0,0,0
TB20Y0639,2026-08-11,0,0,0,0,0
TB20Y0640,2026-08-10,0,0,0,0,0
TB20Y0640,2026-08-11,0,0,0,0,0
TB20Y0641,2026-08-10,0,0,0,0,0
TB20Y0641,2026-08-11,0,0,0,0,0
TB20Y0642,2026-08-10,0,0,0,0,0
TB20Y0642,2026-08-11,0,0,0,0,0
TB20Y0727,2026-08-10,0,0,0,0,0
TB20Y0727,2026-08-11,0,0,0,0,0
TB20Y0728,2026-08-10,0,0,0,0,0
TB20Y0728,2026-08-11,0,0,0,0,0
TB20Y0729,2026-08-10,0,0,0,0,0
TB20Y0729,2026-08-11,0,0,0,0,0
TB20Y0730,2026-08-10,0,0,0,0,0
TB20Y0730,2026-08-11,0,0,0,0,0
TB20Y0731,2026-08-10,0,0,0,0,0
TB20Y0731,2026-08-11,0,0,0,0,0
TB20Y0732,2026-08-10,0,0,0,0,0
TB20Y0732,2026-08-11,0,0,0,0,0
TB20Y0733,2026-08-10,0,0,0,0,0
TB20Y0733,2026-08-11,0,0,0,0,0
TB20Y0734,2026-08-10,0,0,0,0,0
TB20Y0734,2026-08-11,0,0,0,0,0
TB20Y0735,2026-08-10,0,0,0,0,0
TB20Y0735,2026-08-11,0,0,0,0,0
TB20Y0744,2026-08-10,0,0,0,0,0
TB20Y0744,2026-08-11,0,0,0,0,0
TB20Y0827,2026-08-10,0,0,0,0,0
TB20Y0827,2026-08-11,0,0,0,0,0
TB20Y0828,2026-08-10,0,0,0,0,0
TB20Y0828,2026-08-11,0,0,0,0,0
TB20Y0829,2026-08-10,0,0,0,0,0
TB20Y0829,2026-08-11,0,0,0,0,0
TB20Y0830,2026-08-10,0,0,0,0,0
TB20Y0830,2026-08-11,0,0,0,0,0
TB20Y0831,2026-08-10,0,0,0,0,0
TB20Y0831,2026-08-11,0,0,0,0,0
TB20Y0832,2026-08-10,0,0,0,0,0
TB20Y0832,2026-08-11,0,0,0,0,0
TB20Y0833,2026-08-10,0,0,0,0,0
TB20Y0833,2026-08-11,0,0,0,0,0
TB20Y0834,2026-08-10,0,0,0,0,0
TB20Y0834,2026-08-11,0,0,0,0,0
TB20Y0845,2026-08-10,0,0,0,0,0
TB20Y0845,2026-08-11,0,0,0,0,0
TB20Y0927,2026-08-10,0,0,0,0,0
TB20Y0927,2026-08-11,0,0,0,0,0
TB20Y0928,2026-08-10,0,0,0,0,0
TB20Y0928,2026-08-11,0,0,0,0,0
TB20Y0930,2026-08-10,0,0,0,0,0
TB20Y0930,2026-08-11,0,0,0,0,0
TB20Y0931,2026-08-10,0,0,0,0,0
TB20Y0931,2026-08-11,0,0,0,0,0
TB20Y0932,2026-08-10,0,0,0,0,0
TB20Y0932,2026-08-11,0,0,0,0,0
TB20Y0933,2026-08-10,0,0,0,0,0
TB20Y0933,2026-08-11,0,0,0,0,0
TB20Y0934,2026-08-10,0,0,0,0,0
TB20Y0934,2026-08-11,0,0,0,0,0
TB20Y1027,2026-08-10,0,0,0,0,0
TB20Y1027,2026-08-11,0,0,0,0,0
TB20Y1028,2026-08-10,0,0,0,0,0
TB20Y1028,2026-08-11,0,0,0,0,0
TB20Y1029,2026-08-10,0,0,0,0,0
TB20Y1029,2026-08-11,0,0,0,0,0
TB20Y1030,2026-08-10,0,0,0,0,0
TB20Y1030,2026-08-11,0,0,0,0,0
TB20Y1031,2026-08-10,0,0,0,0,0
TB20Y1031,2026-08-11,0,0,0,0,0
TB20Y1032,2026-08-10,0,0,0,0,0
TB20Y1032,2026-08-11,0,0,0,0,0
TB20Y1033,2026-08-10,0,0,0,0,0
TB20Y1033,2026-08-11,0,0,0,0,0
TB20Y1034,2026-08-10,0,0,0,0,0
TB20Y1034,2026-08-11,0,0,0,0,0
TB20Y1127,2026-08-10,0,0,0,0,0
TB20Y1127,2026-08-11,0,0,0,0,0
TB20Y1128,2026-08-10,0,0,0,0,0
TB20Y1128,2026-08-11,0,0,0,0,0
TB20Y1130,2026-08-10,0,0,0,0,0
TB20Y1130,2026-08-11,0,0,0,0,0
TB20Y1131,2026-08-10,0,0,0,0,0
TB20Y1131,2026-08-11,0,0,0,0,0
TB20Y1132,2026-08-10,0,0,0,0,0
TB20Y1132,2026-08-11,0,0,0,0,0
TB20Y1133,2026-08-10,0,0,0,0,0
TB20Y1133,2026-08-11,0,0,0,0,0
TB20Y1134,2026-08-10,0,0,0,0,0
TB20Y1134,2026-08-11,0,0,0,0,0
TB20Y1135,2026-08-10,0,0,0,0,0
TB20Y1135,2026-08-11,0,0,0,0,0
TB20Y1138,2026-08-10,0,0,0,0,0
TB20Y1138,2026-08-11,0,0,0,0,0
TB20Y1227,2026-08-10,0,0,0,0,0
TB20Y1227,2026-08-11,0,0,0,0,0
TB20Y1228,2026-08-10,0,0,0,0,0
TB20Y1228,2026-08-11,0,0,0,0,0
TB20Y1229,2026-08-10,0,0,0,0,0
TB20Y1229,2026-08-11,0,0,0,0,0
TB20Y1230,2026-08-10,0,0,0,0,0
TB20Y1230,2026-08-11,0,0,0,0,0
TB20Y1231,2026-08-10,0,0,0,0,0
TB20Y1231,2026-08-11,0,0,0,0,0
TB20Y1232,2026-08-10,0,0,0,0,0
TB20Y1232,2026-08-11,0,0,0,0,0
TB20Y1233,2026-08-10,0,0,0,0,0
TB20Y1233,2026-08-11,0,0,0,0,0
TB20Y1242,2026-08-10,0,0,0,0,0
TB20Y1242,2026-08-11,0,0,0,0,0
TB2Y0127,2026-08-10,0,0,0,0,0
TB2Y0127,2026-08-11,0,0,0,0,0
TB2Y0227,2026-08-10,0,0,0,0,0
TB2Y0227,2026-08-11,0,0,0,0,0
TB2Y0327,2026-08-10,0,0,0,0,0
TB2Y0327,2026-08-11,100.84,100.84,100.84,100.84,9000
TB2Y0427,2026-08-10,0,0,0,0,0
TB2Y0427,2026-08-11,0,0,0,0,0
TB2Y0527,2026-08-10,0,0,0,0,0
TB2Y0527,2026-08-11,0,0,0,0,0
TB2Y0627,2026-08-10,0,0,0,0,0
TB2Y0627,2026-08-11,0,0,0,0,0
TB2Y0727,2026-08-10,0,0,0,0,0
TB2Y0727,2026-08-11,0,0,0,0,0
TB2Y0927,2026-08-10,0,0,0,0,0
TB2Y0927,2026-08-11,0,0,0,0,0
TB2Y1026,2026-08-10,0,0,0,0,0
TB2Y1026,2026-08-11,0,0,0,0,0
TB2Y1126,2026-08-10,100.62,100.62,100.62,100.62,3000
TB2Y1126,2026-08-11,0,0,0,0,0
TB2Y1127,2026-08-10,0,0,0,0,0
TB2Y1127,2026-08-11,0,0,0,0,0
TB5Y0128,2026-08-10,0,0,0,0,0
TB5Y0128,2026-08-11,97.66,97.66,97.66,97.66,10000
TB5Y0230,2026-08-10,0,0,0,0,0
TB5Y0230,2026-08-11,0,0,0,0,0
TB5Y0327,2026-08-10,0,0,0,0,0
TB5Y0327,2026-08-11,0,0,0,0,0
TB5Y0428,2026-08-10,0,0,0,0,0
TB5Y0428,2026-08-11,0,0,0,0,0
TB5Y0429,2026-08-10,0,0,0,0,0
TB5Y0429,2026-08-11,0,0,0,0,0
TB5Y0430,2026-08-10,0,0,0,0,0
TB5Y0430,2026-08-11,0,0,0,0,0
TB5Y0527,2026-08-10,0,0,0,0,0
TB5Y0527,2026-08-11,0,0,0,0,0
TB5Y0529,2026-08-10,0,0,0,0,0
TB5Y0529,2026-08-11,0,0,0,0,0
TB5Y0628,2026-08-10,0,0,0,0,0
TB5Y0628,2026-08-11,0,0,0,0,0
TB5Y0630,2026-08-10,0,0,0,0,0
TB5Y0630,2026-08-11,0,0,0,0,0
TB5Y0727,2026-08-10,0,0,0,0,0
TB5Y0727,2026-08-11,0,0,0,0,0
TB5Y0828,2026-08-10,0,0,0,0,0
TB5Y0828,2026-08-11,0,0,0,0,0
TB5Y0926,2026-08-10,0,0,0,0,0
TB5Y0926,2026-08-11,0,0,0,0,0
TB5Y0928,2026-08-10,0,0,0,0,0
TB5Y0928,2026-08-11,0,0,0,0,0
TB5Y0930,2026-08-10,0,0,0,0,0
TB5Y0930,2026-08-11,0,0,0,0,0
TB5Y1029,2026-08-10,0,0,0,0,0
TB5Y1029,2026-08-11,0,0,0,0,0
TB5Y1126,2026-08-10,0,0,0,0,0
TB5Y1126,2026-08-11,0,0,0,0,0
TB5Y1127,2026-08-10,0,0,0,0,0
TB5Y1127,2026-08-11,0,0,0,0,0
TB5Y1128,2026-08-10,0,0,0,0,0
TB5Y1128,2026-08-11,0,0,0,0,0
TB5Y1130,2026-08-10,0,0,0,0,0
TB5Y1130,2026-08-11,0,0,0,0,0
TB5Y1228,2026-08-10,0,0,0,0,0
TB5Y1228,2026-08-11,0,0,0,0,0
TB5Y1229,2026-08-10,0,0,0,0,0
TB5Y1229,2026-08-11,106.49,106.49,106.49,106.49,25000
TECHNODRUG,2026-08-10,45.4,46.6,45,46.3,1296614
TECHNODRUG,2026-08-11,46.7,46.8,45.7,45.9,1164870
TILIL,2026-08-10,52.2,53.2,52.2,53.1,175581
TILIL,2026-08-11,53.3,53.8,52.1,52.3,313020
TITASGAS,2026-08-10,20.3,20.3,19.9,20.1,193677
TITASGAS,2026-08-11,20.3,20.4,20,20.2,274773
TOSRIFA,2026-08-10,23.3,23.5,23,23.1,262024
TOSRIFA,2026-08-11,23,23.6,23,23.2,315155
TRUSTB1MF,2026-08-10,4,4.1,3.9,4,2807091
TRUSTB1MF,2026-08-11,4.1,4.2,4,4.1,3029047
TRUSTBANK,2026-08-10,15.4,15.5,15.2,15.3,1382875
TRUSTBANK,2026-08-11,15.4,15.5,15.3,15.5,4620089
TUNGHAI,2026-08-10,4.2,4.2,4.2,4.2,2280532
TUNGHAI,2026-08-11,4.6,4.6,4.4,4.6,6398705
UCB,2026-08-10,9.6,9.6,9.4,9.5,169703
UCB,2026-08-11,9.4,9.6,9.4,9.5,271278
UCB2PBOND,2026-08-10,0,0,0,0,0
UCB2PBOND,2026-08-11,0,0,0,0,0
UNILEVERCL,2026-08-10,2041.2,2044,2040.5,2041.4,188
UNILEVERCL,2026-08-11,2042.2,2052,2042.1,2049.4,180
UNIONBANK,2026-08-10,0,0,0,0,0
UNIONBANK,2026-08-11,0,0,0,0,0
UNIONCAP,2026-08-10,4.9,4.9,4.7,4.8,114948
UNIONCAP,2026-08-11,4.9,4.9,4.7,4.8,347612
UNIONINS,2026-08-10,51.1,53.7,51.1,52,588972
UNIONINS,2026-08-11,52.2,53.8,51.5,51.9,518233
UNIQUEHRL,2026-08-10,43.7,44.2,42.7,43.4,234999
UNIQUEHRL,2026-08-11,43.6,44.5,43.6,44.3,272181
UNITEDFIN,2026-08-10,19,19.1,18.3,18.4,1835879
UNITEDFIN,2026-08-11,18.5,19.7,18.5,19.4,2458303
UNITEDINS,2026-08-10,66,70.4,66,68.9,684387
UNITEDINS,2026-08-11,69,69.8,66,66.8,531384
UPGDCL,2026-08-10,120.4,122.3,120.4,121.9,27948
UPGDCL,2026-08-11,122.3,123.4,121,122.4,40537
USMANIAGL,2026-08-10,70,70.1,66.9,67.1,52626
USMANIAGL,2026-08-11,69.4,70,67.3,67.4,35250
UTTARABANK,2026-08-10,21.1,21.1,20.9,21,2102232
UTTARABANK,2026-08-11,21,21.3,20.9,21.3,4102043
UTTARAFIN,2026-08-10,13.7,13.7,13.2,13.4,22930
UTTARAFIN,2026-08-11,13.5,13.6,13.3,13.5,28751
VAMLBDMF1,2026-08-10,0,0,0,0,0
VAMLBDMF1,2026-08-11,0,0,0,0,0
VAMLRBBF,2026-08-10,8.1,8.2,8.1,8.1,137618
VAMLRBBF,2026-08-11,8.2,8.3,8.1,8.2,145877
VFSTDL,2026-08-10,16.6,16.9,16.4,16.6,1081573
VFSTDL,2026-08-11,16.8,16.9,16.5,16.5,1243926
WALTONHIL,2026-08-10,392,394,388,389.9,24434
WALTONHIL,2026-08-11,390,393.9,390,392.7,13223
WATACHEM,2026-08-10,144.1,145.3,142.2,143.2,23359
WATACHEM,2026-08-11,143.2,146.9,140.5,145.9,82080
WMSHIPYARD,2026-08-10,10.3,10.3,10,10.1,307121
WMSHIPYARD,2026-08-11,10.2,10.3,10.1,10.2,547280
YPL,2026-08-10,24.8,24.8,23.7,23.8,379642
YPL,2026-08-11,23.7,24.3,23.7,23.8,314943
ZAHEENSPIN,2026-08-10,5.5,5.7,5.4,5.6,222685
ZAHEENSPIN,2026-08-11,5.6,5.7,5.5,5.6,371132
ZAHINTEX,2026-08-10,9,9.1,8.6,8.8,80853
ZAHINTEX,2026-08-11,8.9,9,8.8,8.8,85150
ZEALBANGLA,2026-08-10,227.9,227.9,211.1,214.4,21886
ZEALBANGLA,2026-08-11,219.7,219.7,209,210.3,26157
